[
  {
    "Type": "MB_Rifle",
    "cnt": 1,
    "invenGreedPos": {
      "x": 0,
      "y": 0
    },
    "invenPos": {
      "x": 163,
      "y": 252
    },
    "path": "graphics/items/rifle/MB_Rifle.png"
  },
  {
    "Type": "RifleBullet",
    "cnt": 60,
    "invenGreedPos": {
      "x": 0,
      "y": 1
    },
    "invenPos": {
      "x": 163,
      "y": 316
    },
    "path": "graphics/items/riflebullet.png"
  },
  {
    "Type": "Recoverykit",
    "cnt": 2,
    "invenGreedPos": {
      "x": 1,
      "y": 1
    },
    "invenPos": {
      "x": 227,
      "y": 316
    },
    "path": "graphics/items/recoverykit.png"
  },
  {
    "Type": "Apple",
    "cnt": 2,
    "invenGreedPos": {
      "x": 2,
      "y": 1
    },
    "invenPos": {
      "x": 291,
      "y": 316
    },
    "path": "graphics/items/apple.png"
  },
  {
    "Type": "Water",
    "cnt": 2,
    "invenGreedPos": {
      "x": 3,
      "y": 1
    },
    "invenPos": {
      "x": 355,
      "y": 316
    },
    "path": "graphics/items/water.png"
  },
  {
    "Type": "EnergyDrink",
    "cnt": 2,
    "invenGreedPos": {
      "x": 4,
      "y": 1
    },
    "invenPos": {
      "x": 419,
      "y": 316
    },
    "path": "graphics/items/drink.png"
  }
]